{"cameraMode":{"drawMode":0,"name":"Shaded","section":"Shading Mode"},"sceneLighting":true,"audioPlay":false,"sceneViewState":{"m_AlwaysRefresh":false,"showFog":true,"showSkybox":true,"showFlares":true,"showImageEffects":true,"showParticleSystems":true,"showVisualEffectGraphs":true,"m_FxEnabled":true},"in2DMode":false,"pivot":{"x":7.1041765213012699,"y":-8.365703582763672,"z":22.819114685058595},"rotation":{"x":-0.28922778367996218,"y":-0.11964236944913864,"z":0.036459945142269137,"w":-0.9490593671798706},"size":21.268909454345704,"orthographic":false}